<?xml version="1.0" ?>
<LOG_ROOT>
	<PROJECT NAME="FPGA_Isometric_Shooter_Game">
		<CBX_INST_ENTRY INSTANCE_NAME="|FPGA_Isometric_Shooter_Game|SSDCM:u7|lpm_divide:Div0" CBX_FILE_NAME="lpm_divide_hbm.tdf"/>
		<CBX_INST_ENTRY INSTANCE_NAME="|FPGA_Isometric_Shooter_Game|SSDCM:u7|lpm_divide:Div2" CBX_FILE_NAME="lpm_divide_ucm.tdf"/>
		<CBX_INST_ENTRY INSTANCE_NAME="|FPGA_Isometric_Shooter_Game|SSDCM:u7|lpm_divide:Mod1" CBX_FILE_NAME="lpm_divide_k3m.tdf"/>
		<CBX_INST_ENTRY INSTANCE_NAME="|FPGA_Isometric_Shooter_Game|SSDCM:u7|lpm_divide:Mod3" CBX_FILE_NAME="lpm_divide_k3m.tdf"/>
		<CBX_INST_ENTRY INSTANCE_NAME="|FPGA_Isometric_Shooter_Game|SSDCM:u7|lpm_divide:Div1" CBX_FILE_NAME="lpm_divide_kbm.tdf"/>
		<CBX_INST_ENTRY INSTANCE_NAME="|FPGA_Isometric_Shooter_Game|SSDCM:u7|lpm_divide:Mod0" CBX_FILE_NAME="lpm_divide_k3m.tdf"/>
		<CBX_INST_ENTRY INSTANCE_NAME="|FPGA_Isometric_Shooter_Game|SSDCM:u7|lpm_divide:Mod2" CBX_FILE_NAME="lpm_divide_k3m.tdf"/>
		<CBX_INST_ENTRY INSTANCE_NAME="|FPGA_Isometric_Shooter_Game|gameplay_enemy_mechanics:u2|lpm_divide:Mod0" CBX_FILE_NAME="lpm_divide_sfo.tdf"/>
	</PROJECT>
</LOG_ROOT>
